No.	Receptor family 	Target	Name in main text	Ligand 	Biased signaling 	Reference
1          	5-Hydroxytryptamine	5HT1A	5-HT1A	compound 1	G protein	10.1016/j.bmc.2015.05.042
2          	5-Hydroxytryptamine	5HT1A	5-HT1A	compound 2	G protein	10.1016/j.bmc.2015.05.042
3          	5-Hydroxytryptamine	5HT1A	5-HT1A	compound 4	G protein	10.1016/j.bmc.2015.05.042
4          	5-Hydroxytryptamine	5HT1A	5-HT1A	NLX-101 (F15599)	pERK1/2 over β-arrestin recruitment or Ca2+ mobilization	10.1111/j.1476-5381.2008.00001.x,10.1021/acs.jmedchem.0c00814
5          	5-Hydroxytryptamine	5HT1A	5-HT1A	NLX-112 (befiradol)	pERK1/2 over β-arrestin recruitment or Ca2+ mobilization	10.1111/jphp.12762,10.1016/j.pharmthera.2021.107937
6          	5-Hydroxytryptamine	5HT1A	5-HT1A	NLX-260 (Compound 44)	pERK1/2 over cAMP inhibition, β-arrestin recruitment and Ca2+ mobilization	10.1021/acs.jmedchem.0c00814
7          	5-Hydroxytryptamine	5HT1A	5-HT1A	NLX-249 (Compound 56)	β-arrestin recruitment over pERK1/2, cAMP inhibition and Ca2+ mobilization	10.1021/acs.jmedchem.0c00814
8          	5-Hydroxytryptamine	5HT1A	5-HT1A	compound 14	pERK1/2 over cAMP inhibition	10.1021/acs.jmedchem.9b00062
9          	5-Hydroxytryptamine	5HT1A	5-HT1A	NLX-204 (compound 17)	pERK1/2 over cAMP inhibition, β-arrestin recruitment and Ca2+ mobilization	10.1021/acs.jmedchem.9b00062
10        	5-Hydroxytryptamine	5HT1A	5-HT1A	compound 27	pERK1/2 over cAMP inhibition or β-arrestin recruitment	10.1021/acs.jmedchem.9b00062
11        	5-Hydroxytryptamine	5HT1A	5-HT1A	8-Oh-DPAT	β-arrestin 	10.1021/acs.jmedchem.9b00062
12        	5-Hydroxytryptamine	5HT1B	/	3-T1AM	cAMP inhibition over PLC activation	10.3389/fphar.2018.00222
13        	5-Hydroxytryptamine	5HT2A	5-HT2A	25H-NBF	β-arrestin 	10.1016/j.bcp.2020.114251
14        	5-Hydroxytryptamine	5HT2A	5-HT2A	25H-NBMD	β-arrestin 	10.1016/j.bcp.2020.114251
15        	5-Hydroxytryptamine	5HT2A	5-HT2A	25H-NBOH	β-arrestin 	10.1016/j.bcp.2020.114251
16        	5-Hydroxytryptamine	5HT2A	5-HT2A	25H-NBOMe	β-arrestin	10.1016/j.bcp.2020.114251
17        	5-Hydroxytryptamine	5HT2A	5-HT2A	4a	β-arrestin 	10.1021/acs.jmedchem.2c00702
18        	5-Hydroxytryptamine	5HT2A	5-HT2A	4b	β-arrestin 	10.1021/acs.jmedchem.2c00702
19        	5-Hydroxytryptamine	5HT2A	5-HT2A	6e	β-arrestin 	10.1021/acs.jmedchem.2c00702
20        	5-Hydroxytryptamine	5HT2A	5-HT2A	6f	β-arrestin 	10.1021/acs.jmedchem.2c00702
21        	5-Hydroxytryptamine	5HT2A	5-HT2A	altanserin	Gi1 over Gq	10.1111/bph.16368
22        	5-Hydroxytryptamine	5HT2A	5-HT2A	pimavanserin	Gi1 over Gq	10.1111/bph.16368
23        	5-Hydroxytryptamine	5HT2A	5-HT2A	(R)-69	Gq protein	10.1038/s41586-022-05258-z
24        	5-Hydroxytryptamine	5HT2A	5-HT2A	(R)-70	Gq protein	10.1038/s41586-022-05258-z
25        	5-Hydroxytryptamine	5HT2B	5-HT2B	ergotamine	β-arrestin 	10.1126/science.1232808
26        	5-Hydroxytryptamine	5HT2B	5-HT2B	lysergic acid diethylamide	β-arrestin 	10.1126/science.1232808
27        	5-Hydroxytryptamine	5HT2C	5-HT2C	(R)-asimilobine  	Gq protein	10.1021/acscentsci.9b01125
28        	5-Hydroxytryptamine	5HT2C	5-HT2C	11b	Gq protein	10.1016/j.bioorg.2022.105795
29        	5-Hydroxytryptamine	5HT2C	5-HT2C	11f	Gq protein	10.1016/j.bioorg.2022.105795
30        	5-Hydroxytryptamine	5HT2C	5-HT2C	compound (+)-7e	Gq protein	10.1021/acs.jmedchem.6b01194
31        	5-Hydroxytryptamine	5HT2C	5-HT2C	compound (+)-15a	Gq protein	10.1021/acs.jmedchem.7b00584
32        	5-Hydroxytryptamine	5HT2C	5-HT2C	compound (+)-19	Gq protein	10.1021/acs.jmedchem.7b00584
33        	5-Hydroxytryptamine	5HT2C	5-HT2C	aripiprazole	G protein	10.1016/j.ejphar.2019.01.037
34        	5-Hydroxytryptamine	5HT2C	5-HT2C	lorcaserin	G protein	10.1016/j.ejphar.2019.01.037
35        	5-Hydroxytryptamine	5HT2C	5-HT2C	MBP	G protein	10.1016/j.ejphar.2019.01.037
36        	5-Hydroxytryptamine	5HT4R	/	RS 67333	Gs over Gq 	10.1016/j.brainres.2012.11.005
37        	5-Hydroxytryptamine	5HT4R	/	prucalopride	Gs over Gq	10.1016/j.brainres.2012.11.005
38        	5-Hydroxytryptamine	5HT7R	5-HT7	1g	β-arrestin 	10.1021/acs.jmedchem.8b00642
39        	5-Hydroxytryptamine	5HT7R	5-HT7	2b	G protein	10.1021/acs.jmedchem.1c00110
40        	5-Hydroxytryptamine	5HT7R	5-HT7	serodolin	β-arrestin	10.1073/pnas.2118847119
41        	5-Hydroxytryptamine	5HT7R	5-HT7	3c	G protein	10.1002/bkcs.12427
42        	5-Hydroxytryptamine	5HT7R	5-HT7	3f	G protein	10.1002/bkcs.12427
43        	5-Hydroxytryptamine	5HT7R	5-HT7	3i	G protein	10.1002/bkcs.12427
44        	5-Hydroxytryptamine	5HT7R	5-HT7	3p	G protein	10.1002/bkcs.12427
45        	Acetylcholine (muscarinic)	ACM1	M1	TBPB	G protein	10.1021/cn100011e
46        	Acetylcholine (muscarinic)	ACM1	M1	AC-260584	G protein	10.1021/cn100011e
47        	Acetylcholine (muscarinic)	ACM1	M1	VU0357017	G protein	10.1523/jneurosci.0337-12.2012
48        	Acetylcholine (muscarinic)	ACM1	M1	VU0364572	G protein	10.1523/jneurosci.0337-12.2012
49        	Acetylcholine (muscarinic)	ACM2	M2	Iper-6-naph	Gi protein	10.1038/ncomms2028
50        	Acetylcholine (muscarinic)	ACM2	M2	Iper-6-phth	Gi protein	10.1038/ncomms2028
51        	Acetylcholine (muscarinic)	ACM2	M2	McN-A-343	G15 over Gi	10.1124/jpet.107.120857
52        	Acetylcholine (muscarinic)	ACM2	M2	6A	Gi over Gq	10.1111/bph.14970
53        	Acetylcholine (muscarinic)	ACM2	M2	7A	Gi over Gq	10.1111/bph.14970
54        	Acetylcholine (muscarinic)	ACM3	M3	PD 102807	β-arrestin	10.1165/rcmb.2021-0320OC
55        	Acetylcholine (muscarinic)	ACM4	M4	xanomeline	Gi2 over pERK1/2 and Ca2+ mobilization	10.1021/acschemneuro.1c00827
56        	Acetylcholine (muscarinic)	ACM4	M4	6A	Gi over Gq	10.1111/bph.14970
57        	Acetylcholine (muscarinic)	ACM4	M4	7A	Gi over Gq	10.1111/bph.14970
58        	Acetylcholine (muscarinic)	ACM5	M5	7A	Gi over Gq	10.1111/bph.14970
59        	Adrenoceptors	ADA1A	α1A	oxymetazoline	extracellular acidification rate over Ca2+ mobilization and cAMP production 	10.1124/mol.110.067454
60        	Adrenoceptors	ADA1A	α1A	phenylephrine	extracellular acidification rate over Ca2+ mobilization and cAMP production 	10.1124/mol.110.067454
61        	Adrenoceptors	ADA1A	α1A	cirazoline	cAMP production and Ca2+ mobilization	10.1124/mol.110.067454
62        	Adrenoceptors	ADA1A	α1A	A61603	cAMP production and Ca2+ mobilization	10.1124/mol.110.067454
63        	Adrenoceptors	ADA2C	α2C	clonidine	β-arrestin recruitment over cAMP inhibition, Ca2+ mobilization or receptor internalization	10.1016/j.brainresbull.2014.07.005
64        	Adrenoceptors	ADA2C	α2C	UK14,304 (brimonidine)	β-arrestin recruitment over cAMP inhibition, Ca2+ mobilization or receptor internalization	10.1016/j.brainresbull.2014.07.005
65        	Adrenoceptors	ADA2C	α2C	guanabenz	β-arrestin recruitment over cAMP inhibition, Ca2+ mobilization or receptor internalization	10.1016/j.brainresbull.2014.07.005
66        	Adrenoceptors	ADA2C	α2C	moxonidine	β-arrestin recruitment over cAMP inhibition, Ca2+ mobilization or receptor internalization	10.1016/j.brainresbull.2014.07.005
67        	Adrenoceptors	ADA2C	α2C	phenylephrine	β-arrestin recruitment over cAMP inhibition, Ca2+ mobilization or receptor internalization	10.1016/j.brainresbull.2014.07.005
68        	Adrenoceptors	ADRB1	β1	metoprolol	β-arrestin 	10.1074/jbc.M112.357871
69        	Adrenoceptors	ADRB1	β1	nebivolol 	β-arrestin 	10.1371/journal.pone.0071980
70        	Adrenoceptors	ADRB1	β1	bucindolol 	β-arrestin 	10.1021/ac303215r,10.1124/mol.107.043893
71        	Adrenoceptors	ADRB1	β1	alprenolol	β-arrestin 	10.1073/pnas.0804745105
72        	Adrenoceptors	ADRB1	β1	STD-101-D1	G protein	10.1371/journal.pone.0180319
73        	Adrenoceptors	ADRB1	β1	xamoterol	G protein	10.1371/journal.pone.0180319,10.1016/j.neuropharm.2017.01.010
74        	Adrenoceptors	ADRB2	β2	formoterol	β-arrestin 	10.1124/mol.111.072801
75        	Adrenoceptors	ADRB2	β2	dichloroisoproterenol 	β-arrestin 	10.1124/mol.111.072801
76        	Adrenoceptors	ADRB2	β2	salmeterol 	β-arrestin 	10.1124/mol.111.072801
77        	Adrenoceptors	ADRB2	β2	pindolol 	β-arrestin 	10.1124/mol.111.072801
78        	Adrenoceptors	ADRB2	β2	isoetharine	β-arrestin 	10.1074/jbc.M708118200
79        	Adrenoceptors	ADRB2	β2	N-cyclopentylbutanephrine	β-arrestin 	10.1074/jbc.M708118200
80        	Adrenoceptors	ADRB2	β2	ethylnorepinephrine	β-arrestin 	10.1074/jbc.M708118200
81        	Adrenoceptors	ADRB2	β2	ICL3-9	Gs protein	10.1074/jbc.M114.618819
82        	Adrenoceptors	ADRB2	β2	ICL3-4	β-arrestin 	10.1074/jbc.M114.618819
83        	Adrenoceptors	ADRB2	β2	(R,R)-fenoterol	Gs over Gi	10.1124/mol.108.051078
84        	Adrenoceptors	ADRB2	β2	(S,R)-4'-methoxyfenoterol	Gs protein	10.1124/jpet.115.227959
85        	Adrenoceptors	ADRB2	β2	(R,S')-4'-methoxy-1-naphthyl-fenoterol 	Gs protein	10.1007/s00210-014-1054-5
86        	Adrenoceptors	ADRB2	β2	(S,S')-4'-methoxy-1-naphthyl-fenoterol 	Gs protein	10.1007/s00210-014-1054-5
87        	Adrenoceptors	ADRB2	β2	ICL1-9	β-arrestin 	10.1073/pnas.1606267113d
88        	Adrenoceptors	ADRB2	β2	carmoterol	β-arrestin 	10.1124/mol.117.110395
89        	Adrenoceptors	ADRB2	β2	L2	β-arrestin 	10.1038/s41401-018-0200-x
90        	Adrenoceptors	ADRB2	β2	L4	β-arrestin 	10.1038/s41401-018-0200-x
91        	Adrenoceptors	ADRB2	β2	L12	β-arrestin 	10.1038/s41401-018-0200-x
92        	Adrenoceptors	ADRB2	β2	ractopamine	Gs protein	10.1111/bph.15900
93        	Adrenoceptors	ADRB2	β2	dobutamine	Gs protein	10.1111/bph.15900
94        	Adrenoceptors	ADRB2	β2	higenamine	Gs protein	10.1111/bph.15900
95        	Adrenoceptors	ADRB2	β2	C1-S 	Gs protein	10.3390/jpm12030331
96        	Adrenoceptors	ADRB2	β2	carvedilol	β-arrestin 	10.1073/pnas.0707936104
97        	Adrenoceptors	ADRB2	β2	propranolol	β-arrestin 	10.1073/pnas.1936664100
98        	Adrenoceptors	ADRB2	β2	ICI-118,551	β-arrestin 	10.1073/pnas.1936664100
99        	Dopamine	DRD1	D1	apomorphine	G protein	10.1021/acschemneuro.5b00020
100      	Dopamine	DRD1	D1	SKF83959	G protein	10.1021/acschemneuro.5b00020
101      	Dopamine	DRD1	D1	SKF38393	G protein	10.1021/acschemneuro.5b00020
102      	Dopamine	DRD1	D1	SKF82957	G protein	10.1021/acschemneuro.5b00020
103      	Dopamine	DRD1	D1	SKF77434	G protein	10.1021/acschemneuro.5b00020
104      	Dopamine	DRD1	D1	SKF75670	G protein	10.1021/acschemneuro.5b00020
105      	Dopamine	DRD1	D1	compound 10	G protein	10.1021/acschemneuro.9b00410
106      	Dopamine	DRD1	D1	compound 35	Gs protein	10.1021/acschemneuro.9b00410
107      	Dopamine	DRD1	D1	PF-06649751 (CVL-751, tavapandon)	G protein	10.3389/fncel.2021.806618
108      	Dopamine	DRD1	D1	PF-8294	Gs protein	10.1038/s41467-017-02776-7
109      	Dopamine	DRD1	D1	PF-6142	Gs protein	10.1038/s41467-017-02776-7
110      	Dopamine	DRD1	D1	PF-1119	Gs protein	10.1038/s41467-017-02776-7
111      	Dopamine	DRD1	D1	PF-2334	Gs protein	10.1038/s41467-017-02776-7
112      	Dopamine	DRD2	D2	UNC9975	β-arrestin 	10.1073/pnas.1104807108
113      	Dopamine	DRD2	D2	UNC0006	β-arrestin 	10.1073/pnas.1104807108
114      	Dopamine	DRD2	D2	UNC9994	β-arrestin 	10.1073/pnas.1104807108
115      	Dopamine	DRD2	D2	compound 7	β-arrestin 	10.1038/nchembio.2527
116      	Dopamine	DRD2	D2	MLS1547	G protein	10.1124/mol.113.090563
117      	Dopamine	DRD2	D2	(S)-1	Go over Gi	10.1021/jm501889t
118      	Dopamine	DRD2	D2	(S)-2	Go over Gi	10.1021/jm501889t
119      	Dopamine	DRD2	D2	(R)-4	β-arrestin 	10.1021/jm501889t
120      	Dopamine	DRD2	D2	compound 1	G protein	10.1021/acs.jmedchem.6b01208
121      	Dopamine	DRD2	D2	benzoxazinone 9d	β-arrestin 	10.1016/j.bmc.2017.08.037
122      	Dopamine	DRD2	D2	13b	β-arrestin 	10.1021/acs.jmedchem.7b00363
123      	Dopamine	DRD2	D2	pramipexole	β-arrestin 	10.1021/acs.jmedchem.7b00363
124      	Dopamine	DRD2	D2	quinpirole	β-arrestin 	10.1021/acs.jmedchem.7b00363
125      	Dopamine	DRD2	D2	ropinirole	β-arrestin 	10.1021/acs.jmedchem.7b00363
126      	Dopamine	DRD2	D2	16c	G protein	10.1021/acs.jmedchem.6b01857
127      	Dopamine	DRD2	D2	11	Go protein	10.1021/acsptsci.8b00060
128      	Dopamine	DRD2	D2	19	Go protein	10.1021/acsptsci.8b00060
129      	Dopamine	DRD2	D2	compound 19	G protein	10.1021/acs.jmedchem.6b01875
130      	Dopamine	DRD2	D2	MS1768	G protein	10.1021/acs.jmedchem.9b00508
131      	Dopamine	DRD2	D2	36	G protein	10.1021/acs.jmedchem.9b00508
132      	Dopamine	DRD2	D2	39	G protein	10.1021/acs.jmedchem.9b00508
133      	Dopamine	DRD2	D2	40	G protein	10.1021/acs.jmedchem.9b00508
134      	Dopamine	DRD2	D2	42	G protein	10.1021/acs.jmedchem.9b00508
135      	Dopamine	DRD2	D2	carbaldoxime 8b	Go protein	10.1021/jm5004039
136      	Dopamine	DRD2	D2	aripiprazole	Go protein	10.1021/jm5004039
137      	Dopamine	DRD2	D2	cariprazine	G protein	10.1021/jm401318w
138      	Dopamine	DRD2	D2	32	G protein	10.1021/jm401318w
139      	Dopamine	DRD2	D2	10	cAMP inhibition over pERK1/2	10.1021/acsomega.8b02509
140      	Dopamine	DRD2	D2	36	cAMP inhibition over pERK1/2	10.1021/jm500457x
141      	Dopamine	DRD3	D3	SK609	G protein	10.1021/acschemneuro.6b00221
142      	Dopamine	DRD3	D3	SK608	G protein	10.1021/acschemneuro.6b00221
143      	Histamine 	HRH4	H4	JNJ7777120	β-arrestin 	10.1124/mol.110.068395,10.1016/j.ejphar.2011.05.037
144      	Histamine 	HRH4	H4	47 indolecarboxamides	β-arrestin 	10.1111/bph.12117
145      	Histamine 	HRH4	H4	VUF5228	β-arrestin 	10.1124/mol.112.080911
146      	Histamine 	HRH4	H4	VUF10214	β-arrestin 	10.1124/mol.112.080911
147      	Histamine 	HRH4	H4	VUF5223	β-arrestin 	10.1124/mol.112.080911
148      	Histamine 	HRH4	H4	VUF10056	β-arrestin 	10.1124/mol.112.080911
149      	Histamine 	HRH4	H4	VUF6002	β-arrestin 	10.1124/mol.112.080911
150      	Histamine 	HRH4	H4	VUF11273	β-arrestin 	10.1124/mol.112.080911
151      	Histamine 	HRH4	H4	VUF11012	β-arrestin 	10.1124/mol.112.080911
152      	Histamine 	HRH4	H4	VUF5222	Gi protein	10.1124/mol.112.080911
153      	Histamine 	HRH4	H4	VUF10778	Gi protein	10.1124/mol.112.080911
154      	Histamine 	HRH4	H4	VUF10185	Gi protein	10.1124/mol.112.080911
155      	Histamine 	HRH4	H4	VUF10192	Gi protein	10.1124/mol.112.080911
156      	Histamine 	HRH4	H4	UR-PI376	Gi protein	10.1124/mol.112.080911
157      	Histamine 	HRH4	H4	VUF10306	Gi protein	10.1124/mol.112.080911
158      	Histamine 	HRH4	H4	VUF4656	Gi protein	10.1124/mol.112.080911
159      	Histamine 	HRH4	H4	clozapine	Gi protein	10.1124/mol.112.080911
160      	Trace amine	TAAR1	TAAR1	ZH8651	Gs and Gq protein	10.1016/j.cell.2023.10.014
161      	Trace amine	TAAR1	TAAR1	ZH8659	Gq protein	10.1016/j.cell.2023.10.014
162      	Trace amine	TAAR1	TAAR1	ZH8667	Gs protein	10.1016/j.cell.2023.10.014
163      	Trace amine	TAAR1	TAAR1	SEP-363856	Gs protein	10.1016/j.cell.2023.10.014
164      	Trace amine	TAAR1	TAAR1	β-phenylethylamine	Gs protein	10.1016/j.cell.2023.10.014
165      	Trace amine	TAAR1	TAAR1	3-iodothyronamine	Gs protein	10.1016/j.cell.2023.10.014
166      	Trace amine	TAAR1	TAAR1	cyclohexylamine	Gq protein	10.1016/j.cell.2023.10.014
167      	Angiotensin 	AGTR1	TAAR1	TRV120023	β-arrestin 	10.1124/jpet.110.173005
168      	Angiotensin 	AGTR1	AT1R	TRV120027	β-arrestin 	10.1124/jpet.110.173005,10.1161/circheartfailure.112.969220,10.1093/eurheartj/ehx196
169      	Angiotensin 	AGTR1	AT1R	TRV120055	Gq protein	10.1016/j.ejphar.2023.175780
170      	Angiotensin 	AGTR1	AT1R	[Sar1, Ile4, Ile8]-angiotensin II	β-arrestin 	10.1111/j.1742-7843.2007.00063.x,10.1073/pnas.1834556100
171      	Angiotensin 	AGTR1	AT1R	Ang-(1-7) 	β-arrestin 	10.1161/HYPERTENSIONAHA.116.08118
172      	Angiotensin 	AGTR1	AT1R	SIII	G12 protein	10.1126/scisignal.aat1631
173      	 Apelin	APJ	APJ	ML233	β-arrestin 	10.1016/j.tips.2015.06.002
174      	 Apelin	APJ	APJ	compound 1	G protein	10.1039/c6ob02247b
175      	 Apelin	APJ	APJ	compound 4	G protein	10.1039/c6ob02247b
176      	 Apelin	APJ	APJ	compound 11 	G protein	10.1039/c6ob02247b
177      	 Apelin	APJ	APJ	compound 15	G protein	10.1039/c6ob02247b
178      	 Apelin	APJ	APJ	29	Ca2+ mobilization over β-arrestin recruitment	10.1016/j.bmc.2019.115237
179      	 Apelin	APJ	APJ	K16P	Gi protein	10.1074/jbc.M113.541698
180      	 Apelin	APJ	APJ	Apelin-36-L28A 	G protein	10.1016/j.peptides.2019.170139
181      	 Apelin	APJ	APJ	Apelin-36-L28C(30kDa-PEG)	G protein	10.1016/j.peptides.2019.170139
182      	 Apelin	APJ	APJ	MM07	G protein	10.1161/HYPERTENSIONAHA.114.05099
183      	 Apelin	APJ	APJ	CMF-019	G protein	10.1016/j.bcp.2016.07.018
184      	 Apelin	APJ	APJ	SBI-’569	β-arrestin 	10.1177/2472555217699158
185      	 Apelin	APJ	APJ	SBI-’681	β-arrestin 	10.1177/2472555217699158
186      	 Apelin	APJ	APJ	SBI-’547 	Gi protein	10.1177/2472555217699158
187      	 Apelin	APJ	APJ	SBI-’612	Gi protein	10.1177/2472555217699158
188      	 Apelin	APJ	APJ	(-)-epicatechin	β-arrestin 	10.3390/ijms23168962
189      	 Apelin	APJ	APJ	WN353	G protein	10.1016/j.cell.2024.02.004
190      	 Apelin	APJ	APJ	WN561 	G protein	10.1016/j.cell.2024.02.004
191      	Complement	C3AR	/	EP141	G protein	10.1016/j.cell.2023.09.020
192      	Complement	C5AR1	C5aR1	BM213	G protein	10.1038/s41422-023-00779-2,10.1021/acs.jmedchem.1c01174
193      	Endothelin	EDNRA	ETA	ET-2	G protein	10.1016/j.lfs.2016.02.069
194      	Endothelin	EDNRA	ETA	ET-3	G protein	10.1016/j.lfs.2016.02.069
195      	Formylpeptide	FPR2	/	F2Pal10	G protein	10.1016/j.bcp.2017.08.018
196      	Ghrelin	GHSR	GHSR	YIL781	G protein	10.1073/pnas.1804003115
197      	Ghrelin	GHSR	GHSR	Abb13d	G protein	10.1073/pnas.1804003115
198      	Ghrelin	GHSR	GHSR	N8279 (NCATS-SM8864)	Gq protein	10.1073/pnas.2112397119
199      	Melanocortin	MC4R	MC4R	CJL-5-58	G protein	10.1021/acs.jmedchem.8b00238
200      	Melanocortin	MC4R	MC4R	SHU9119 	pERK1/2 over cAMP production	10.1016/j.bcp.2024.116325
201      	Melanocortin	MC4R	MC4R	MBP10	pERK1/2 over cAMP production	10.1016/j.bcp.2024.116325
202      	Melanocortin	MC4R	MC4R	BMS- 470539	pERK1/2 over cAMP production	10.3389/fphar.2018.00919
203      	Melanocortin	MC4R	MC4R	[D-Trp 8 ]-γMSH	pERK1/2 over cAMP production	10.3389/fphar.2018.00919
204      	Melanocortin	MC4R	MC4R	setmelanotide	Gq protein	10.1038/s41591-018-0015-9
205      	Melanocortin	MC4R	MC4R	Agouti-related peptide	Gi, Kir7.1, ERK1/2 and Akt over Gs	10.1016/j.bbadis.2017.04.010
206      	Neuropeptide S	NPSR1	NPSR	hNPS-(1-10)	Gq over Gs	10.1074/jbc.M115.704122
207      	Neuropeptide S	NPSR1	NPSR	analog 4 (RTI-263, SerPheLysAsn-NH2)	Gq over Gs	10.1016/j.neuropharm.2017.03.001
208      	Neuropeptide Y	NPY1R	/	G(34)-NPY	G protein	10.1007/s00018-019-03432-7
209      	Neurotensin 	NTR1	NTR1	SBI-553	β-arrestin	10.1021/acs.jmedchem.9b00340
210      	Neurotensin 	NTR1	NTR1	ML314	β-arrestin 	10.1021/ml400176n
211      	Opioid	OPRD	DOR	mitragynine	Gi protein	10.1111/bph.14913
212      	Opioid	OPRD	DOR	7-hydroxymitragynine	Gi protein	10.1111/bph.14913
213      	Opioid	OPRD	DOR	speciogynine	Gi protein	10.1111/bph.14913
214      	Opioid	OPRD	DOR	paynantheine	Gi protein	10.1111/bph.14913
215      	Opioid	OPRD	DOR	PN6047	G protein	10.1124/jpet.119.258640
216      	Opioid	OPRD	DOR	TAN-67	G protein	10.1111/bph.13374
217      	Opioid	OPRD	DOR	TRV250	Gi protein	10.1007/s40263-020-00738-0
218      	Opioid	OPRD	DOR	rubiscolin-5	G protein	10.1016/j.euroneuro.2018.12.013
219      	Opioid	OPRD	DOR	rubiscolin-6	G protein	10.1016/j.euroneuro.2018.12.013
220      	Opioid	OPRD	DOR	BMS 986187	G protein	10.1111/bph.14602
221      	Opioid	OPRD	DOR	UFP-512	G protein	10.1111/bph.12705
222      	Opioid	OPRD	DOR	BAM 18	β-arrestin 	10.1073/pnas.2000712117
223      	Opioid	OPRD	DOR	BAM 12	G protein	10.1073/pnas.2000712117
224      	Opioid	OPRK	KOR	mitragynine	Gi protein	10.1111/bph.14913
225      	Opioid	OPRK	KOR	7-hydroxymitragynine	Gi protein	10.1111/bph.14913
226      	Opioid	OPRK	KOR	speciogynine	Gi protein	10.1111/bph.14913
227      	Opioid	OPRK	KOR	paynantheine	Gi protein	10.1111/bph.14913
228      	Opioid	OPRK	KOR	6'-GNTI	G protein	10.1074/jbc.M113.476234
229      	Opioid	OPRK	KOR	RB-64	Gi protein	10.1124/jpet.114.216820
230      	Opioid	OPRK	KOR	triazole 1.1	G protein	10.1126/scisignal.aai8441,10.1074/jbc.M113.504381
231      	Opioid	OPRK	KOR	HS666	G protein	10.1111/bph.13854
232      	Opioid	OPRK	KOR	collybolide	Gi protein	10.1073/pnas.1521825113
233      	Opioid	OPRK	KOR	compound 2.1	G protein	10.1074/jbc.M113.504381
234      	Opioid	OPRK	KOR	noribogaine	G protein	10.1016/j.neuropharm.2015.08.032
235      	Opioid	OPRK	KOR	compound 81 	G protein	10.1021/acs.jmedchem.7b00109
236      	Opioid	OPRK	KOR	LOR17	G protein	10.3389/fphar.2020.00188
237      	Opioid	OPRK	KOR	nalfurafine	G protein	10.1038/s41467-023-37041-7,10.1016/j.cellsig.2017.01.016
238      	Opioid	OPRK	KOR	WMS-X600	β-arrestin 	10.1038/s41467-023-37041-7
239      	Opioid	OPRK	KOR	compound 2.3	G protein	10.1021/acschemneuro.5b00092
240      	Opioid	OPRK	KOR	U62066	G protein	10.1124/mol.113.089649
241      	Opioid	OPRK	KOR	ICI-199,441	G protein	10.1016/j.ejphar.2015.05.054
242      	Opioid	OPRK	KOR	etorphine	G protein	10.1016/j.ejphar.2015.05.054
243      	Opioid	OPRK	KOR	levorphanol	G protein	10.1016/j.ejphar.2015.05.054
244      	Opioid	OPRK	KOR	nalbuphine	β-arrestin 	10.1016/j.ejphar.2015.05.054
245      	Opioid	OPRK	KOR	tifluadom	β-arrestin 	10.1016/j.ejphar.2015.05.054
246      	Opioid	OPRM	MOR	PZM21	Gi protein	10.1038/nature19112
247      	Opioid	OPRM	MOR	TRV130 (oliceridine)	Gi protein	10.1124/jpet.112.201616,10.1021/jm4010829
248      	Opioid	OPRM	MOR	SHR9352	G protein	10.1021/acsomega.7b01452
249      	Opioid	OPRM	MOR	TRV734	Gi protein	10.1039/d1md00041a,10.1002/cpdd.1016
250      	Opioid	OPRM	MOR	buprenorphine	G protein	10.1016/j.isci.2019.03.011
251      	Opioid	OPRM	MOR	C5 guano	G protein	10.1038/s41586-022-05588-y
252      	Opioid	OPRM	MOR	C6 guano	G protein	10.1038/s41586-022-05588-y
253      	Opioid	OPRM	MOR	SR-17018	G protein	10.1016/j.cell.2017.10.035
254      	Opioid	OPRM	MOR	SR-14968	G protein	10.1016/j.cell.2017.10.035,10.1073/pnas.2102178118
255      	Opioid	OPRM	MOR	fentanyl	β-arrestin 	10.1016/j.cell.2017.10.035
256      	Opioid	OPRM	MOR	SR-11501	β-arrestin 	10.1016/j.cell.2017.10.035
257      	Opioid	OPRM	MOR	SR-15098	G protein	10.1016/j.cell.2017.10.035
258      	Opioid	OPRM	MOR	SR-15099	G protein	10.1016/j.cell.2017.10.035
259      	Opioid	OPRM	MOR	LPM3480392 	Gi protein	10.1016/j.ejmech.2021.113986
260      	Opioid	OPRM	MOR	compound 44	G protein	10.1021/acs.jmedchem.8b01136
261      	Opioid	OPRM	MOR	NAP	G protein	10.1021/acschemneuro.5b00245
262      	Opioid	OPRM	MOR	morphine	Gi protein	10.1073/pnas.95.17.9914
263      	Opioid	OPRM	MOR	mitragynine	Gi protein	10.1021/jacs.6b00360
264      	Opioid	OPRM	MOR	7-hydroxymitragynine	Gi protein	10.1021/jacs.6b00360
265      	Opioid	OPRM	MOR	speciogynine	Gi protein	10.1111/bph.14913
266      	Opioid	OPRM	MOR	paynantheine	Gi protein	10.1111/bph.14913
267      	Opioid	OPRM	MOR	CYX-6	G protein	10.1016/j.bmc.2014.02.015
268      	Opioid	OPRM	MOR	mitragynine pseudoindoxyl 	Gi protein	10.1021/acs.jmedchem.6b00748
269      	Opioid	OPRM	MOR	levorphanol	Gi protein	10.1213/ANE.0000000000003360
270      	Opioid	OPRM	MOR	herkinorin	G protein	10.1124/mol.106.028258
271      	Opioid	OPRM	MOR	kurkinorin	G protein	10.1021/acs.jmedchem.6b01235
272      	Opioid	OPRM	MOR	endomorphin-1	G protein	10.1016/j.bcp.2016.05.014
273      	Opioid	OPRM	MOR	endomorphin-2	G protein	10.1016/j.bcp.2016.05.014
274      	Opioid	OPRM	MOR	Met-Enkephalin-Rf	G protein	10.1016/j.bcp.2016.05.014
275      	Opioid	OPRM	MOR	loperamide	G protein	10.1016/j.bcp.2016.05.014
276      	Opioid	OPRM	MOR	a-neoendorphin	G protein	10.1016/j.bcp.2016.05.014
277      	Opioid	OPRM	MOR	corydine	Gi protein	10.1038/s41598-020-70493-1
278      	Opioid	OPRM	MOR	corydaline	Gi protein	10.1038/s41598-020-70493-1
279      	Opioid	OPRM	MOR	Dmt-c[D-Lys- Phe-Asp] NH2 (C33) 	β-arrestin 	10.3390/molecules26010013
280      	Opioid	OPRM	MOR	Dmt-c[D-Lys-Phe-p-CF3-Phe-Asp]NH2 (F-81)	G protein	10.3390/molecules26010013
281      	Opioid	OPRM	MOR	Tyr-c[D-Lys-Phe-Tyr-Gly] (Compound 1)	G protein	10.1111/bph.15334
282      	Opioid	OPRM	MOR	desmetramadol	G protein	10.3389/fphar.2019.01680
283      	Opioid	OPRM	MOR	bilorphin	G protein	10.1073/pnas.1908662116
284      	Opioid	OPRM	MOR	carfentanil	β-arrestin 	10.1111/bph.16084
285      	Opioid	OPRX	NOP	MCOPPB	G protein	10.1124/mol.115.099150
286      	Opioid	OPRX	NOP	NNC 63-0532	G protein	10.1124/mol.115.099150
287      	Opioid	OPRX	NOP	buprenorphine	Gi protein	10.1124/mol.115.099150
288      	Opioid	OPRX	NOP	RTI-819	G protein	10.1124/mol.115.099150
289      	Opioid	OPRX	NOP	RTI-856	G protein	10.1124/mol.115.099150
290      	Opioid	OPRX	NOP	Ro 65-6570	G protein	10.1371/journal.pone.0132865
291      	Opioid	OPRX	NOP	cebranopadol	G protein	10.1002/prp2.247
292      	Opioid	OPRX	NOP	BPR1M97	G protein	10.1016/j.neuropharm.2019.107678
293      	Proteinase-activated	PAR2	PAR2	SLAAAA-amide	pERK1/2 over Ca2+ mobilization	10.1111/bph.12544
294      	Proteinase-activated	PAR2	PAR2	GB88	Gi protein, G12/13 protein and pERK1/2 over Gq protein	10.1111/bph.12757
295      	Proteinase-activated	PAR2	PAR2	cathepsin S	Gs protein	10.1074/jbc.M114.599712
296      	Relaxin family	RXFP1	RXFP1	ML290	cGMP and cAMP accumulation over pERK1/2	10.1038/s41598-017-02916-5
297      	Relaxin family	RL3R1	/	H2 Relaxin	activator protein (AP)-1 over pERK1/2 and cAMP inhibition  	10.1124/mol.109.061432
298      	Tachykinin	NK1R	/	SP6-11	Gq over Gs	10.1038/s41589-021-00890-8
299      	Urotensin	UR2R	/	[Orn8]UII	G protein	10.1096/fj.14-249771
300      	Urotensin	UR2R	/	[Orn5]URP	G protein	10.1096/fj.14-249771
301      	Urotensin	UR2R	/	urantide	G protein	10.1096/fj.14-249771
302      	Vasopressin/oxytocin	V2R	/	MCF14	Gs protein	10.1073/pnas.1201093109
303      	Vasopressin/oxytocin	V2R	/	SR121463 	β-arrestin 	10.1073/pnas.1201093109
304      	Vasopressin/oxytocin	V2R	/	I8-arachnotocin 	G protein	10.1038/s41598-019-55675-w
305      	Vasopressin/oxytocin	OXYR	OXYR	atosiban	Gi over Gq	10.1074/jbc.M409945200
306      	Chemokine	CCR1	/	CCL15 (28–92) 	Gi protein	10.1038/s41589-021-00918-z
307      	Chemokine	CCR1	/	CCL15 (29–92) 	Gi protein	10.1038/s41589-021-00918-z
308      	Chemokine	CCR1	/	CCL15 (30–92) 	Gi protein	10.1038/s41589-021-00918-z
309      	Chemokine	CCR1	/	CCL15 (31–92)	Gi protein	10.1038/s41589-021-00918-z
310      	Chemokine	CCR1	/	CCL15 (26–92)	β-arrestin 	10.1038/s41589-021-00918-z
311      	Chemokine	CCR5	/	J113863	Gi over Goa and Ca2+ mobilization	10.1074/jbc.M116.757559
312      	Chemokine	CCR5	/	5P12-RANTES 	Gi over Gq	10.1126/scisignal.aao6152
313      	Chemokine	CCR5	/	5P14-RANTES	Gi over Gq	10.1126/scisignal.aao6152
314      	Chemokine	CCR5	/	6P4-RANTES 	Gq over Gi	10.1126/scisignal.aao6152
315      	Chemokine	CCR5	/	PSC-RANTES	Gq over Gi	10.1126/scisignal.aao6152
316      	Chemokine	CXCR2	/	CXCL1-3	G protein	10.1186/s12964-023-01460-2
317      	Chemokine	CXCR2	/	CXCL5-7	G protein	10.1186/s12964-023-01460-2
318      	Chemokine	CXCR3	/	CXCL9	G protein	10.1016/j.bbrc.2012.02.036
319      	Chemokine	CXCR3	/	CXCL11	β-arrestin 	10.1126/scisignal.abg5203
320      	Chemokine	CXCR3	/	VUF10661	β-arrestin 	10.1126/scisignal.abg5203
321      	Chemokine	CXCR3	/	VUF11418	G protein	10.1126/scisignal.abg5203
322      	Chemokine	CXCR3	/	FAUC1036	β-arrestin 	10.1021/acs.jmedchem.5b01965
323      	Chemokine	CXCR3	/	FAUC1104	G protein	10.1021/acs.jmedchem.5b01965
324      	Chemokine	CXCR4	/	ATI-2341	Gi protein	10.1073/pnas.1312515110
325      	Free fatty acid	FFAR4	FFA4	eicosapentaenoic acid	Gs over Gi or Gq	10.1126/science.add6220
326      	Free fatty acid	FFAR4	FFA4	TUG891	Gq over Gi	10.1126/science.add6220
327      	Free fatty acid	FFAR4	FFA4	compound 25	β-arrestin 	10.4155/fmc.15.160
328      	Free fatty acid	FFAR4	FFA4	compound 50	β-arrestin 	10.4155/fmc.15.160
329      	Lysophospholipid	S1PR1	S1PR1	HDL-bound S1P	MAPK and β-arrestin recruitment over cAMP inhibition	10.1126/scisignal.aaa2581
330      	Lysophospholipid	S1PR1	S1PR1	FTY720-P	β-arrestin	10.1111/bph.12620
331      	Lysophospholipid	S1PR1	S1PR1	BMS-986104	G protein	10.1021/acsmedchemlett.5b00448
332      	Lysophospholipid	S1PR3	S1PR3	ALESIA	G12 protein	10.1016/j.chembiol.2021.01.004
333      	Cannabinoid	CNR1	CB1	CP 55,940	β-arrestin 	10.1124/mol.115.101980
334      	Cannabinoid	CNR1	CB1	Δ9-tetrahydrocannabinol	β-arrestin 	10.1124/mol.115.101980,10.1097/FBP.0b013e328308f1e6
335      	Cannabinoid	CNR1	CB1	2-arachidonoylglycerol	G protein	10.1124/mol.115.101980
336      	Cannabinoid	CNR1	CB1	anandamide	G protein	10.1124/mol.115.101980
337      	Cannabinoid	CNR1	CB1	ICAM-b 	β-arrestin	10.1111/jnc.12115
338      	Cannabinoid	CNR1	CB1	compound 7d	β-arrestin	10.1021/acs.jmedchem.6b01448
339      	Cannabinoid	CNR1	CB1	compound 8d	β-arrestin	10.1021/acs.jmedchem.6b01448
340      	Cannabinoid	CNR1	CB1	EG-018	G protein	10.1021/acsptsci.9b00069
341      	Cannabinoid	CNR1	CB1	CB-02	Gi protein	10.1073/pnas.2321532121
342      	Cannabinoid	CNR1	CB1	CB-05	Gi protein	10.1073/pnas.2321532121
343      	Cannabinoid	CNR1	CB1	(+)-(R,S)-14	Gi protein	10.1021/acs.jmedchem.1c00040
344      	Cannabinoid	CNR2	CB2	UR144	β-arrestin 	10.1124/jpet.116.232561
345      	Cannabinoid	CNR2	CB2	STS135	β-arrestin 	10.1124/jpet.116.232561
346      	Cannabinoid	CNR2	CB2	AM-1248	β-arrestin 	10.1124/jpet.116.232561
347      	Cannabinoid	CNR2	CB2	4-O-methylhonokiol	β-arrestin 	10.1124/jpet.116.232561
348      	Cannabinoid	CNR2	CB2	THC	G protein	10.1124/jpet.116.232561
349      	Cannabinoid	CNR2	CB2	JWH133	G protein	10.1124/jpet.116.232561
350      	Cannabinoid	CNR2	CB2	WIN-55212	G protein	10.1124/jpet.116.232561
351      	Cannabinoid	CNR2	CB2	KM233	G protein	10.1124/jpet.116.232561
352      	Cannabinoid	CNR2	CB2	HU308	G protein	10.1124/jpet.116.232561
353      	Cannabinoid	CNR2	CB2	AM1241	G protein	10.1124/jpet.116.232561
354      	Cannabinoid	CNR2	CB2	JWH015	G protein	10.1124/jpet.116.232561
355      	Cannabinoid	CNR2	CB2	MAM2201	G protein	10.1124/jpet.116.232561
356      	Cannabinoid	CNR2	CB2	AM2232	G protein	10.1124/jpet.116.232561
357      	Cannabinoid	CNR2	CB2	SRE601	G protein	10.1124/jpet.116.232561
358      	Cannabinoid	CNR2	CB2	2-arachidonoyl glycerol	G protein	10.1124/jpet.116.232561
359      	Cannabinoid	CNR2	CB2	Meth-anandamide	G protein	10.1124/jpet.116.232561
360      	Cannabinoid	CNR2	CB2	14	internalisation over cAMP and pERK1/2	10.3389/fphar.2018.01202
361      	Cannabinoid	CNR2	CB2	15	internalisation over cAMP and pERK1/2	10.3389/fphar.2018.01202
362      	Cannabinoid	CNR2	CB2	7	pERK1/2 over cAMP and internalisation 	10.3389/fphar.2018.01202
363      	Prostanoid	PE2R2	/	18a	G protein	10.1021/acsmedchemlett.5b00455
364      	Prostanoid	PE2R4	/	PGE2 	Gs over Gi and β-arrestin	10.1124/jpet.109.156398
365      	Prostanoid	PE2R4	/	PGE1 alcohol	Gi1 and β-arrestin over Gs	10.1124/jpet.109.156398
366      	Adenosine	AA1R	A1R	VCP746	Gi protein over pERK1/2	10.1073/pnas.1320962111
367      	Adenosine	AA1R	A1R	6	cAMP inhibition over Ca2+ mobilization	10.1021/acs.jmedchem.8b00047
368      	Adenosine	AA1R	A1R	16	Ca2+ mobilization over cAMP inhibition	10.1021/acs.jmedchem.8b00047
369      	Adenosine	AA1R	A1R	capadenoson	cAMP inhibition over pERK1/2 and Ca2+ mobilization	10.1016/j.bcp.2015.11.013
370      	Adenosine	AA1R	A1R	8h	cAMP accumulation over pERK1/2	10.1021/jm201600e
371      	Adenosine	AA1R	A1R	LUF5589	G protein	10.1007/s11302-012-9334-3
372      	Adenosine	AA1R	A1R	BnOCPA	Gob protein	10.1038/s41467-022-31652-2
373      	Bile acid	GPBAR	GPBAR	R399	β-arrestin 	10.1073/pnas.2117054119
374      	Bile acid	GPBAR	GPBAR	INT-777	Gs protein	10.1073/pnas.2117054119
375      	Hydroxycarboxylic acid 	HCAR2	HCAR2	compound 9n	Gi protein 	10.1016/j.molcel.2023.07.030
376      	Hydroxycarboxylic acid 	HCAR2	HCAR2	MK-0354	G protein	10.1172/JCI36806,10.1016/j.jacl.2008.08.445
377      	Hydroxycarboxylic acid 	HCAR2	HCAR2	MK6892	G protein	10.1038/s41467-024-46239-2
378      	Hydroxycarboxylic acid 	HCAR2	HCAR2	monomethyl fumarate	G protein	10.1038/s41467-024-46239-2
379      	Class A Orphans	GPR84	/	DL-175	G protein	10.1021/acschembio.9b00533
380      	Class A Orphans	GPR84	/	OX04528	G protein	10.1021/acs.jmedchem.3c00951
381      	Class A Orphans	GPR84	/	OX04529	G protein	10.1021/acs.jmedchem.3c00951
382      	Class A Orphans	MRGX2	/	AG-30/5C	G protein	10.4049/jimmunol.1801227
383      	Class A Orphans	MRGX2	/	icatibant	G protein	10.4049/jimmunol.1801227
